ZIP,FIPS,County
43016,39041,"OH, Delaware"
06420,09007,"CT, Middlesex"
38663,28009,"MS, Benton"
75087,48085,"TX, Collin"
38663,28145,"MS, Union"
66048,20209,"KS, Wyandotte"
37381,47035,"TN, Cumberland"
38663,28117,"MS, Prentiss"
20169,51061,"VA, Fauquier"
30058,13247,"GA, Rockdale"
30058,13135,"GA, Gwinnett"
20165,51059,"VA, Fairfax"
79252,48101,"TX, Cottle"
01880,25009,"MA, Essex"
28771,37173,"NC, Swain"
28771,37039,"NC, Cherokee"
32224,12109,"FL, St. Johns"
74103,40113,"OK, Osage"
49721,26141,"MI, Presque Isle"
88101,35041,"NM, Roosevelt"
26554,54033,"WV, Harrison"
22835,51171,"VA, Shenandoah"
20120,51107,"VA, Loudoun"
78130,48209,"TX, Hays"
22405,51177,"VA, Spotsylvania"
62907,17145,"IL, Perry"
48416,26147,"MI, St. Clair"
00778,72139,"PR, Trujillo Alto"
99156,53063,"WA, Spokane"
63005,29071,"MO, Franklin"
60047,17031,"IL, Cook"
75146,48139,"TX, Ellis"
85901,04001,"AZ, Apache"
48442,26093,"MI, Livingston"
93601,06043,"CA, Mariposa"
39350,28069,"MS, Kemper"
99612,02013,"AK, Aleutians East"
57783,46019,"SD, Butte"
00719,72127,"PR, San Juan"
17233,42055,"PA, Franklin"
23111,51127,"VA, New Kent"
78840,48137,"TX, Edwards"
22046,51013,"VA, Arlington"
31316,13179,"GA, Liberty"
49684,26019,"MI, Benzie"
28532,37031,"NC, Carteret"
90815,06059,"CA, Orange"
55110,27003,"MN, Anoka"
71241,22061,"LA, Lincoln"
30474,13283,"GA, Treutlen"
06074,09013,"CT, Tolland"
62269,17119,"IL, Madison"
78640,48453,"TX, Travis"
97225,41051,"OR, Multnomah"
08043,34005,"NJ, Burlington"
34266,12055,"FL, Highlands"
00778,72025,"PR, Caguas"
15126,42007,"PA, Beaver"
23320,51810,"VA, Virginia Beach"
08854,34039,"NJ, Union"
29571,45033,"SC, Dillon"
87002,35053,"NM, Socorro"
30326,13089,"GA, De Kalb"
42633,21053,"KY, Clinton"
00738,72089,"PR, Luquillo"
40065,21185,"KY, Oldham"
73110,40027,"OK, Cleveland"
54821,55113,"WI, Sawyer"
96950,69110,"MP, Saipan"
93536,06029,"CA, Kern"
42240,21219,"KY, Todd"
25541,54079,"WV, Putnam"
64151,29047,"MO, Clay"
43026,39097,"OH, Madison"
15126,42125,"PA, Washington"
00778,72033,"PR, Catano"
74547,40077,"OK, Latimer"
00778,72129,"PR, San Lorenzo"
96047,06089,"CA, Shasta"
37043,47147,"TN, Robertson"
62907,17157,"IL, Randolph"
37874,47145,"TN, Roane"
68701,31179,"NE, Wayne"
80126,08005,"CO, Arapahoe"
39402,28031,"MS, Covington"
42633,21199,"KY, Pulaski"
98023,53053,"WA, Pierce"
60503,17089,"IL, Kane"
69361,31165,"NE, Sioux"
19454,42017,"PA, Bucks"
78669,48031,"TX, Blanco"
30094,13217,"GA, Newton"
00962,72061,"PR, Guaynabo"
79938,48229,"TX, Hudspeth"
00962,72021,"PR, Bayamo'n"
47201,18071,"IN, Jackson"
72076,05045,"AR, Faulkner"
72131,05141,"AR, Van Buren"
05762,50027,"VT, Windsor"
74447,40107,"OK, Okfuskee"
25526,54043,"WV, Lincoln"
71457,22081,"LA, Red River"
28501,37049,"NC, Craven"
31537,13025,"GA, Brantley"
62821,17059,"IL, Gallatin"
24504,51011,"VA, Appomattox"
28721,37021,"NC, Buncombe"
27909,37029,"NC, Camden"
45133,39015,"OH, Brown"
97459,41019,"OR, Douglas"
00767,72069,"PR, Humacao"
76049,48251,"TX, Johnson"
97219,41067,"OR, Washington"
41653,21195,"KY, Pike"
84116,49011,"UT, Davis"
42104,21213,"KY, Simpson"
41653,21115,"KY, Johnson"
01748,25027,"MA, Worcester"
22551,51137,"VA, Orange"
30543,13157,"GA, Jackson"
00680,72067,"PR, Hormigueros"
31015,13093,"GA, Dooly"
00720,72101,"PR, Morovis"
49304,26123,"MI, Newaygo"
45679,39071,"OH, Highland"
37209,47021,"TN, Cheatham"
74857,40125,"OK, Pottawatomie"
40299,21029,"KY, Bullitt"
97869,41023,"OR, Grant"
66086,20087,"KS, Jefferson"
31407,13103,"GA, Effingham"
00926,72031,"PR, Carolina"
30223,13035,"GA, Butts"
84020,49049,"UT, Utah"
94558,06095,"CA, Solano"
94558,06097,"CA, Sonoma"
91710,06037,"CA, Los Angeles"
43701,39127,"OH, Perry"
32609,12007,"FL, Bradford"
46077,18063,"IN, Hendricks"
25526,54011,"WV, Cabell"
53022,55089,"WI, Ozaukee"
74370,40041,"OK, Delaware"
02302,25021,"MA, Norfolk"
70767,22033,"LA, East Baton Rouge"
70767,22077,"LA, Pointe Coupee"
30214,13121,"GA, Fulton"
72704,05007,"AR, Benton"
56359,27097,"MN, Morrison"
78140,48187,"TX, Guadalupe"
00624,72113,"PR, Ponce"
16601,42021,"PA, Cambria"
39209,28089,"MS, Madison"
95678,06067,"CA, Sacramento"
44143,39085,"OH, Lake"
81252,08043,"CO, Fremont"
53144,55101,"WI, Racine"
23435,51550,"VA, Chesapeake"
00653,72153,"PR, Yauco"
34266,12081,"FL, Manatee"
00680,72011,"PR, Anasco"
87122,35043,"NM, Sandoval"
00725,72041,"PR, Cidra"
56425,27021,"MN, Cass"
44820,39175,"OH, Wyandot"
23229,51760,"VA, Richmond"
37087,47169,"TN, Trousdale"
39744,28043,"MS, Grenada"
30127,13097,"GA, Douglas"
45661,39145,"OH, Scioto"
04011,23023,"ME, Sagadahoc"
00612,72017,"PR, Barceloneta"
46168,18109,"IN, Morgan"
00612,72065,"PR, Hatillo"
32765,12095,"FL, Orange"
48463,26087,"MI, Lapeer"
00623,72097,"PR, Mayaguez"
39851,13243,"GA, Randolph"
74403,40145,"OK, Wagoner"
69337,31161,"NE, Sheridan"
49601,26085,"MI, Lake"
00739,72035,"PR, Cayey"
00739,72045,"PR, Comerio"
46236,18059,"IN, Hancock"
46236,18057,"IN, Hamilton"
83714,16015,"ID, Boise"
59404,30015,"MT, Chouteau"
20904,24033,"MD, Prince George's"
80498,08037,"CO, Eagle"
80498,08049,"CO, Grand"
47424,18119,"IN, Owen"
26610,54101,"WV, Webster"
26610,54007,"WV, Braxton"
01082,25013,"MA, Hampden"
16652,42027,"PA, Centre"
31513,13161,"GA, Jeff Davis"
73142,40017,"OK, Canadian"
68025,31177,"NE, Washington"
23323,51740,"VA, Portsmouth"
24340,51173,"VA, Smyth"
15065,42019,"PA, Butler"
44256,39153,"OH, Summit"
15767,42033,"PA, Clearfield"
58341,38005,"ND, Benson"
83402,16011,"ID, Bingham"
28792,37149,"NC, Polk"
85212,04021,"AZ, Pinal"
37334,47003,"TN, Bedford"
32055,12121,"FL, Suwannee"
55051,27095,"MN, Mille Lacs"
24529,51083,"VA, Halifax"
55051,27115,"MN, Pine"
87144,35001,"NM, Bernalillo"
76549,48053,"TX, Burnet"
59486,30035,"MT, Glacier"
59486,30073,"MT, Pondera"
31014,13235,"GA, Pulaski"
97756,41013,"OR, Crook"
73501,40137,"OK, Stephens"
31014,13289,"GA, Twiggs"
24450,51023,"VA, Botetourt"
80021,08013,"CO, Boulder"
30721,13129,"GA, Gordon"
25276,54013,"WV, Calhoun"
67401,20143,"KS, Ottawa"
72153,05023,"AR, Cleburne"
44333,39103,"OH, Medina"
74019,40097,"OK, Mayes"
22967,51015,"VA, Augusta"
99634,02050,"AK, Bethel"
35957,01055,"AL, Etowah"
99576,02070,"AK, Dillingham"
28364,37093,"NC, Hoke"
32163,12069,"FL, Lake"
08080,34007,"NJ, Camden"
75501,48067,"TX, Cass"
80602,08123,"CO, Weld"
57262,46091,"SD, Marshall"
80816,08093,"CO, Park"
23964,51117,"VA, Mecklenburg"
14081,36009,"NY, Cattaraugus"
89423,32510,"NV, Carson City"
12065,36001,"NY, Albany"
14840,36097,"NY, Schuyler"
46383,18089,"IN, Lake"
45056,39135,"OH, Preble"
99670,02060,"AK, Bristol Bay"
46383,18091,"IN, La Porte"
83849,16079,"ID, Shoshone"
13032,36065,"NY, Oneida"
37922,47105,"TN, Loudon"
39341,28159,"MS, Winston"
39307,28023,"MS, Clarke"
12914,36089,"NY, St. Lawrence"
07728,34029,"NJ, Ocean"
83607,16045,"ID, Gem"
40119,21183,"KY, Ohio"
41230,21159,"KY, Martin"
41230,21071,"KY, Floyd"
23666,51700,"VA, Newport News"
33928,12021,"FL, Collier"
27889,37117,"NC, Martin"
36207,01029,"AL, Cleburne"
30436,13267,"GA, Tattnall"
00757,72043,"PR, Coamo"
36330,01035,"AL, Conecuh"
28734,37043,"NC, Clay"
45385,39027,"OH, Clinton"
71655,05079,"AR, Lincoln"
23927,51037,"VA, Charlotte"
22205,51610,"VA, Falls Church"
42003,21157,"KY, Marshall"
42003,21083,"KY, Graves"
99830,02195,
21780,24043,"MD, Washington"
65738,29109,"MO, Lawrence"
30240,13149,"GA, Heard"
70422,22063,"LA, Livingston"
22407,51630,"VA, Fredericksburg"
22407,51047,"VA, Culpeper"
76065,48113,"TX, Dallas"
97761,41031,"OR, Jefferson"
86035,04005,"AZ, Coconino"
34601,12017,"FL, Citrus"
27610,37101,"NC, Johnston"
76571,48491,"TX, Williamson"
75672,48365,"TX, Panola"
99752,02188,"AK, Northwest Arctic"
25801,54019,"WV, Fayette"
07110,34031,"NJ, Passaic"
39573,28109,"MS, Pearl River"
81422,08085,"CO, Montrose"
49329,26107,"MI, Mecosta"
05750,50021,"VT, Rutland"
71106,22015,"LA, Bossier"
81428,08051,"CO, Gunnison"
48453,26157,"MI, Tuscola"
98632,53069,"WA, Wahkiakum"
57625,46137,"SD, Ziebach"
22473,51159,"VA, Richmond"
99777,02290,"AK, Yukon-Koyukuk"
21713,24021,"MD, Frederick"
80134,08039,"CO, Elbert"
99140,53019,"WA, Ferry"
31763,13095,"GA, Dougherty"
61340,17155,"IL, Putnam"
12550,36111,"NY, Ulster"
26330,54049,"WV, Marion"
26330,54001,"WV, Barbour"
76935,48413,"TX, Schleicher"
23662,51199,"VA, York"
40447,21203,"KY, Rockcastle"
40447,21189,"KY, Owsley"
14450,36117,"NY, Wayne"
49738,26137,"MI, Otsego"
00683,72079,"PR, Lajas"
59255,30055,"MT, McCone"
59101,30003,"MT, Big Horn"
30132,13015,"GA, Bartow"
42406,21233,"KY, Webster"
62902,17087,"IL, Johnson"
30066,13057,"GA, Cherokee"
28714,37115,"NC, Madison"
28714,37111,"NC, McDowell"
28714,37121,"NC, Mitchell"
76905,48081,"TX, Coke"
27713,37183,"NC, Wake"
44601,39133,"OH, Portage"
40447,21151,"KY, Madison"
49738,26135,"MI, Oscoda"
43110,39129,"OH, Pickaway"
56435,27057,"MN, Hubbard"
56435,27035,"MN, Crow Wing"
96952,69120,"MP, Tinian"
99923,02198,
59701,30023,"MT, Deer Lodge"
56557,27107,"MN, Norman"
31069,13193,"GA, Macon"
49756,26039,"MI, Crawford"
91304,06111,"CA, Ventura"
44086,39007,"OH, Ashtabula"
54017,55095,"WI, Polk"
39083,28085,"MS, Lincoln"
61354,17011,"IL, Bureau"
21797,24031,"MD, Montgomery"
26354,54061,"WV, Monongalia"
00735,72119,"PR, Rio Grande"
00735,72053,"PR, Fajardo"
22630,51157,"VA, Rappahannock"
29010,45055,"SC, Kershaw"
29045,45039,"SC, Fairfield"
47331,18177,"IN, Wayne"
63801,29207,"MO, Stoddard"
47331,18047,"IN, Franklin"
11580,36081,"NY, Queens"
63801,29133,"MO, Mississippi"
95942,06007,"CA, Butte"
59759,30093,"MT, Silver Bow"
59859,30061,"MT, Mineral"
71322,22079,"LA, Rapides"
65771,29043,"MO, Christian"
87015,35057,"NM, Torrance"
95221,06009,"CA, Calaveras"
34119,12071,"FL, Lee"
81432,08113,"CO, San Miguel"
38762,28133,"MS, Sunflower"
39170,28029,"MS, Copiah"
95559,06023,"CA, Humboldt"
24592,51143,"VA, Pittsylvania"
12564,36079,"NY, Putnam"
73065,40109,"OK, Oklahoma"
96007,06103,"CA, Tehama"
25504,54099,"WV, Wayne"
19464,42029,"PA, Chester"
49895,26153,"MI, Schoolcraft"
75691,48183,"TX, Gregg"
73065,40051,"OK, Grady"
42029,21145,"KY, McCracken"
92536,06073,"CA, San Diego"
42124,21169,"KY, Metcalfe"
28436,37019,"NC, Brunswick"
76043,48035,"TX, Bosque"
52065,19055,"IA, Delaware"
40353,21017,"KY, Bourbon"
02446,25025,"MA, Suffolk"
40353,21011,"KY, Bath"
40353,21049,"KY, Clark"
05032,50017,"VT, Orange"
70115,22051,"LA, Jefferson"
23002,51135,"VA, Nottoway"
99723,02185,"AK, North Slope"
63645,29157,"MO, Perry"
80238,08001,"CO, Adams"
37615,47163,"TN, Sullivan"
63645,29186,"MO, Ste. Genevieve"
74016,40105,"OK, Nowata"
89406,32019,"NV, Lyon"
48219,26125,"MI, Oakland"
38901,28097,"MS, Montgomery"
38901,28135,"MS, Tallahatchie"
00693,72143,"PR, Vega Alta"
31006,13263,"GA, Talbot"
49720,26047,"MI, Emmet"
28423,37017,"NC, Bladen"
60543,17197,"IL, Will"
30427,13109,"GA, Evans"
61755,17113,"IL, McLean"
27834,37065,"NC, Edgecombe"
32433,12059,"FL, Holmes"
24017,51775,"VA, Salem"
00693,72091,"PR, Manati"
74107,40037,"OK, Creek"
48813,26025,"MI, Calhoun"
74884,40063,"OK, Hughes"
55020,27131,"MN, Rice"
37743,47029,"TN, Cocke"
65560,29161,"MO, Phelps"
72927,05131,"AR, Sebastian"
54520,55085,"WI, Oneida"
65560,29215,"MO, Texas"
65560,29203,"MO, Shannon"
87506,35028,"NM, Los Alamos"
94568,06013,"CA, Contra Costa"
60033,17007,"IL, Boone"
23112,51145,"VA, Powhatan"
23950,51025,"VA, Brunswick"
29841,45037,"SC, Edgefield"
55057,27049,"MN, Goodhue"
15531,42129,"PA, Westmoreland"
00729,72063,"PR, Gurabo"
98672,53059,"WA, Skamania"
83524,16061,"ID, Lewis"
61548,17179,"IL, Tazewell"
77545,48039,"TX, Brazoria"
20833,24027,"MD, Howard"
98028,53061,"WA, Snohomish"
37310,47139,"TN, Polk"
03748,33019,"NH, Sullivan"
42602,21057,"KY, Cumberland"
42602,21207,"KY, Russell"
42602,21231,"KY, Wayne"
65714,29209,"MO, Stone"
29466,45015,"SC, Berkeley"
57601,46021,"SD, Campbell"
65301,29053,"MO, Cooper"
15963,42009,"PA, Bedford"
30824,13301,"GA, Warren"
54538,55051,"WI, Iron"
54538,55099,"WI, Price"
27050,37169,"NC, Stokes"
59072,30027,"MT, Fergus"
39429,28065,"MS, Jefferson Davis"
39429,28073,"MS, Lamar"
96799,60010,
61109,17141,"IL, Ogle"
08822,34035,"NJ, Somerset"
20736,04025,"AZ, Yavapai"
98823,53017,"WA, Douglas"
76247,48497,"TX, Wise"
59477,30013,"MT, Cascade"
59072,30037,"MT, Golden Valley"
23321,51800,"VA, Suffolk"
54701,55033,"WI, Dunn"
54944,55139,"WI, Winnebago"
35754,01095,"AL, Marshall"
46748,18113,"IN, Noble"
43056,39119,"OH, Muskingum"
95324,06099,"CA, Stanislaus"
65247,29175,"MO, Randolph"
35146,01073,"AL, Jefferson"
55378,27037,"MN, Dakota"
72176,05117,"AR, Prairie"
74361,40131,"OK, Rogers"
94534,06055,"CA, Napa"
48111,26115,"MI, Monroe"
31061,13169,"GA, Jones"
27540,37037,"NC, Chatham"
80466,08047,"CO, Gilpin"
31801,13215,"GA, Muscogee"
65689,29091,"MO, Howell"
20607,24017,"MD, Charles"
70053,22071,"LA, Orleans"
31023,13023,"GA, Bleckley"
76442,48333,"TX, Mills"
08346,34001,"NJ, Atlantic"
38363,47077,"TN, Henderson"
76442,48133,"TX, Eastland"
76442,48049,"TX, Brown"
03753,33009,"NH, Grafton"
68064,31053,"NE, Dodge"
84518,49015,"UT, Emery"
00692,72145,"PR, Vega Baja"
31768,13321,"GA, Worth"
00692,72051,"PR, Dorado"
98110,53033,"WA, King"
39069,28037,"MS, Franklin"
72396,05147,"AR, Woodruff"
72396,05123,"AR, St. Francis"
61520,17143,"IL, Peoria"
36830,01011,"AL, Bullock"
36049,01109,"AL, Pike"
08562,34025,"NJ, Monmouth"
70791,22037,"LA, East Feliciana"
62017,17005,"IL, Bond"
80118,08041,"CO, El Paso"
45169,39057,"OH, Greene"
28036,37159,"NC, Rowan"
52339,19157,"IA, Poweshiek"
37166,47015,"TN, Cannon"
03458,33005,"NH, Cheshire"
29681,45059,"SC, Laurens"
71334,22107,"LA, Tensas"
99658,02270,"AK, Wade Hampton"
39701,28103,"MS, Noxubee"
03824,33015,"NH, Rockingham"
28352,37155,"NC, Robeson"
56303,27009,"MN, Benton"
18328,42089,"PA, Monroe"
74436,40143,"OK, Tulsa"
66006,20059,"KS, Franklin"
55735,27001,"MN, Aitkin"
28624,37027,"NC, Caldwell"
70570,22039,"LA, Evangeline"
27028,37097,"NC, Iredell"
37869,47025,"TN, Claiborne"
38358,47017,"TN, Carroll"
11691,36059,"NY, Nassau"
01247,25011,"MA, Franklin"
69101,31117,"NE, McPherson"
30605,13219,"GA, Oconee"
49967,26071,"MI, Iron"
53098,55055,"WI, Jefferson"
36722,01091,"AL, Marengo"
37779,47057,"TN, Grainger"
37779,47093,"TN, Knox"
57362,46017,"SD, Buffalo"
12053,36057,"NY, Montgomery"
58854,38025,"ND, Dunn"
98329,53035,"WA, Kitsap"
13033,36067,"NY, Onondaga"
13033,36075,"NY, Oswego"
39114,28129,"MS, Smith"
87582,35039,"NM, Rio Arriba"
40346,21173,"KY, Montgomery"
80817,08101,"CO, Pueblo"
36701,01085,"AL, Lowndes"
81334,08083,"CO, Montezuma"
71055,22013,"LA, Bienville"
22849,51165,"VA, Rockingham"
63901,29035,"MO, Carter"
49316,26015,"MI, Barry"
32309,12065,"FL, Jefferson"
02816,44007,"RI, Providence"
25422,54027,"WV, Hampshire"
30248,13255,"GA, Spalding"
17747,42081,"PA, Lycoming"
73401,40095,"OK, Marshall"
73401,40069,"OK, Johnston"
47274,18013,"IN, Brown"
39730,28017,"MS, Chickasaw"
89703,32031,"NV, Washoe"
17815,42093,"PA, Montour"
65706,29077,"MO, Greene"
64635,29079,"MO, Grundy"
81039,08071,"CO, Las Animas"
61523,17123,"IL, Marshall"
23178,51073,"VA, Gloucester"
22902,51065,"VA, Fluvanna"
92028,06065,"CA, Riverside"
63624,29093,"MO, Iron"
98901,53037,"WA, Kittitas"
28574,37061,"NC, Duplin"
23803,51149,"VA, Prince George"
28779,37113,"NC, Macon"
28779,37087,"NC, Haywood"
39629,28113,"MS, Pike"
03037,33013,"NH, Merrimack"
65775,29067,"MO, Douglas"
83654,16049,"ID, Idaho"
59718,30057,"MT, Madison"
54166,55078,"WI, Menominee"
81226,08027,"CO, Custer"
38462,47081,"TN, Hickman"
39565,28047,"MS, Harrison"
82604,56007,"WY, Carbon"
15642,42003,"PA, Allegheny"
56470,27159,"MN, Wadena"
87062,35061,"NM, Valencia"
59711,30077,"MT, Powell"
29730,45023,"SC, Chester"
29812,45005,"SC, Allendale"
00603,72071,"PR, Isabela"
30028,13085,"GA, Dawson"
47906,18181,"IN, White"
45715,39121,"OH, Noble"
47906,18171,"IN, Warren"
52501,19123,"IA, Mahaska"
81039,08025,"CO, Crowley"
52501,19107,"IA, Keokuk"
42642,21045,"KY, Casey"
65706,29229,"MO, Wright"
64635,29115,"MO, Linn"
78114,48013,"TX, Atascosa"
40380,21065,"KY, Estill"
14013,36029,"NY, Erie"
49770,26031,"MI, Cheboygan"
71465,22021,"LA, Caldwell"
28625,37059,"NC, Davie"
81131,08109,"CO, Saguache"
38606,28071,"MS, Lafayette"
71465,22127,"LA, Winn"
38606,28119,"MS, Quitman"
15834,42047,"PA, Elk"
39773,28095,"MS, Monroe"
49760,26033,"MI, Chippewa"
43140,39023,"OH, Clark"
43140,39049,"OH, Franklin"
96113,06035,"CA, Lassen"
47302,18065,"IN, Henry"
65552,29105,"MO, Laclede"
74804,40133,"OK, Seminole"
94563,06001,"CA, Alameda"
70582,22045,"LA, Iberia"
77327,48407,"TX, San Jacinto"
62258,17027,"IL, Clinton"
75474,48467,"TX, Van Zandt"
24058,51155,"VA, Pulaski"
53515,55049,"WI, Iowa"
74354,40035,"OK, Craig"
63627,29099,"MO, Jefferson"
77327,48373,"TX, Polk"
40047,21111,"KY, Jefferson"
40047,21215,"KY, Spencer"
46528,18087,"IN, Lagrange"
95966,06115,"CA, Yuba"
84050,49035,"UT, Salt Lake"
66109,20103,"KS, Leavenworth"
78942,48021,"TX, Bastrop"
16342,42085,"PA, Mercer"
64776,29015,"MO, Benton"
23102,51109,"VA, Louisa"
23102,51085,"VA, Hanover"
59427,30101,"MT, Toole"
67147,20079,"KS, Harvey"
83442,16019,"ID, Bonneville"
22973,51113,"VA, Madison"
46750,18169,"IN, Wabash"
17701,42113,"PA, Sullivan"
47613,18163,"IN, Vanderburgh"
45622,39073,"OH, Hocking"
94014,06075,"CA, San Francisco"
58504,38029,"ND, Emmons"
06489,09009,"CT, New Haven"
35582,01033,"AL, Colbert"
30217,13077,"GA, Coweta"
22443,51099,"VA, King George"
30241,13199,"GA, Meriwether"
81641,08081,"CO, Moffat"
99124,53047,"WA, Okanogan"
99663,02122,"AK, Kenai Peninsula"
40741,21235,"KY, Whitley"
40741,21051,"KY, Clay"
13778,36023,"NY, Cortland"
55337,27139,"MN, Scott"
61254,17195,"IL, Whiteside"
38474,47055,"TN, Giles"
54313,55083,"WI, Oconto"
41056,21069,"KY, Fleming"
41056,21135,"KY, Lewis"
36303,01067,"AL, Henry"
29102,45085,"SC, Sumter"
54313,55087,"WI, Outagamie"
55810,27017,"MN, Carlton"
73048,40039,"OK, Custer"
37377,47115,"TN, Marion"
40601,21211,"KY, Shelby"
80433,08035,"CO, Douglas"
29649,45001,"SC, Abbeville"
93230,06107,"CA, Tulare"
77320,48455,"TX, Trinity"
37211,47187,"TN, Williamson"
40601,21103,"KY, Henry"
01330,25015,"MA, Hampshire"
82442,56003,"WY, Big Horn"
18951,42077,"PA, Lehigh"
32413,12131,"FL, Walton"
81140,08105,"CO, Rio Grande"
81328,08067,"CO, La Plata"
99929,02275,
81641,08045,"CO, Garfield"
00777,72029,"PR, Canovanas"
31076,13225,"GA, Peach"
35128,01117,"AL, Shelby"
78057,48325,"TX, Medina"
34266,12015,"FL, Charlotte"
78550,48489,"TX, Willacy"
33458,12085,"FL, Martin"
44060,39055,"OH, Geauga"
30188,13067,"GA, Cobb"
00725,72007,"PR, Aguas Buenas"
59715,30067,"MT, Park"
39401,28067,"MS, Jones"
38501,47133,"TN, Overton"
00680,72023,"PR, Cabo Rojo"
40601,21005,"KY, Anderson"
27834,37013,"NC, Beaufort"
00612,72141,"PR, Utuado"
00612,72054,"PR, Florida"
10940,36105,"NY, Sullivan"
38301,47075,"TN, Haywood"
60018,17043,"IL, DuPage"
13601,36049,"NY, Lewis"
44256,39093,"OH, Lorain"
80204,08059,"CO, Jefferson"
93454,06079,"CA, San Luis Obispo"
45601,39079,"OH, Jackson"
45601,39131,"OH, Pike"
47150,18019,"IN, Clark"
37064,47037,"TN, Davidson"
70560,22055,"LA, Lafayette"
95076,06085,"CA, Santa Clara"
71901,05059,"AR, Hot Spring"
30012,13297,"GA, Walton"
02920,44003,"RI, Kent"
34266,12115,"FL, Sarasota"
34689,12101,"FL, Pasco"
46032,18011,"IN, Boone"
45241,39165,"OH, Warren"
97526,41029,"OR, Jackson"
33018,12011,"FL, Broward"
21228,24510,"MD, Baltimore city"
59701,30043,"MT, Jefferson"
40356,21239,"KY, Woodford"
40356,21067,"KY, Fayette"
72401,05055,"AR, Greene"
07201,34013,"NJ, Essex"
29720,45025,"SC, Chesterfield"
28562,37103,"NC, Jones"
27534,37079,"NC, Greene"
30223,13151,"GA, Henry"
60504,17093,"IL, Kendall"
40769,21147,"KY, McCreary"
74601,40103,"OK, Noble"
00738,72037,"PR, Ceiba"
19120,42091,"PA, Montgomery"
31015,13315,"GA, Wilcox"
83440,16043,"ID, Fremont"
28092,37035,"NC, Catawba"
00662,72115,"PR, Quebradillas"
98502,53045,"WA, Mason"
97219,41005,"OR, Clackamas"
29306,45021,"SC, Cherokee"
78223,48493,"TX, Wilson"
28625,37003,"NC, Alexander"
80010,08031,"CO, Denver"
78023,48019,"TX, Bandera"
71360,22009,"LA, Avoyelles"
71360,22043,"LA, Grant"
30474,13107,"GA, Emanuel"
48236,26099,"MI, Macomb"
27617,37063,"NC, Durham"
53913,55021,"WI, Columbia"
43017,39159,"OH, Union"
38261,47183,"TN, Weakley"
97140,41071,"OR, Yamhill"
00603,72099,"PR, Moca"
47403,18055,"IN, Greene"
70560,22099,"LA, St. Martin"
30213,13113,"GA, Fayette"
46750,18183,"IN, Whitley"
19464,42011,"PA, Berks"
45005,39113,"OH, Montgomery"
64118,29165,"MO, Platte"
36801,01017,"AL, Chambers"
00602,72005,"PR, Aguadilla"
23116,51087,"VA, Henrico"
78666,48091,"TX, Comal"
31061,13319,"GA, Wilkinson"
33626,12103,"FL, Pinellas"
29715,45057,"SC, Lancaster"
61081,17103,"IL, Lee"
62002,17117,"IL, Macoupin"
48838,26067,"MI, Ionia"
81101,08021,"CO, Conejos"
27330,37085,"NC, Harnett"
30824,13073,"GA, Columbia"
44857,39043,"OH, Erie"
23059,51075,"VA, Goochland"
83401,16051,"ID, Jefferson"
39759,28025,"MS, Clay"
27801,37127,"NC, Nash"
47274,18005,"IN, Bartholomew"
83338,16063,"ID, Lincoln"
78070,48259,"TX, Kendall"
27284,37057,"NC, Davidson"
26201,54041,"WV, Lewis"
29631,45007,"SC, Anderson"
28269,37025,"NC, Cabarrus"
28401,37141,"NC, Pender"
76549,48099,"TX, Coryell"
17055,42133,"PA, York"
37354,47107,"TN, McMinn"
46077,18097,"IN, Marion"
81301,08111,"CO, San Juan"
10704,36005,"NY, Bronx"
76049,48367,"TX, Parker"
76092,48121,"TX, Denton"
38703,28011,"MS, Bolivar"
89521,32029,"NV, Storey"
31061,13141,"GA, Hancock"
23139,51049,"VA, Cumberland"
41031,21181,"KY, Nicholas"
41031,21201,"KY, Robertson"
68028,31055,"NE, Douglas"
66441,20041,"KS, Dickinson"
65560,29055,"MO, Crawford"
14513,36069,"NY, Ontario"
36832,01087,"AL, Macon"
00783,72135,"PR, Toa Alta"
39350,28079,"MS, Leake"
23231,51036,"VA, Charles City"
30512,13187,"GA, Lumpkin"
56001,27103,"MN, Nicollet"
48198,26163,"MI, Wayne"
39759,28087,"MS, Lowndes"
33547,12105,"FL, Polk"
36322,01061,"AL, Geneva"
36322,01031,"AL, Coffee"
30097,13117,"GA, Forsyth"
30014,13159,"GA, Jasper"
01810,25017,"MA, Middlesex"
85602,04019,"AZ, Pima"
00794,72047,"PR, Corozal"
21136,24013,"MD, Carroll"
36037,01041,"AL, Crenshaw"
48750,26001,"MI, Alcona"
22630,51043,"VA, Clarke"
27707,37135,"NC, Orange"
26554,54091,"WV, Taylor"
20754,24003,"MD, Anne Arundel"
33034,12087,"FL, Monroe"
30673,13265,"GA, Taliaferro"
00667,72121,"PR, Sabana Grande"
27330,37125,"NC, Moore"
14519,36055,"NY, Monroe"
27886,37147,"NC, Pitt"
28345,37165,"NC, Scotland"
74344,40115,"OK, Ottawa"
32174,12035,"FL, Flagler"
49913,26083,"MI, Keweenaw"
73401,40085,"OK, Love"
21225,24005,"MD, Baltimore"
70583,22001,"LA, Acadia"
63125,29510,"MO, St. Louis city"
75098,48397,"TX, Rockwall"
39059,28049,"MS, Hinds"
37920,47155,"TN, Sevier"
63645,29187,"MO, St. Francois"
81144,08003,"CO, Alamosa"
37813,47089,"TN, Jefferson"
47274,18079,"IN, Jennings"
23847,51183,"VA, Sussex"
66106,20091,"KS, Johnson"
75751,48001,"TX, Anderson"
49315,26139,"MI, Ottawa"
22630,51069,"VA, Frederick"
83638,16003,"ID, Adams"
70560,22113,"LA, Vermilion"
31794,13019,"GA, Berrien"
17019,42041,"PA, Cumberland"
62902,17181,"IL, Union"
79602,48059,"TX, Callahan"
28092,37071,"NC, Gaston"
20110,51685,"VA, Manassas Park"
36323,01039,"AL, Covington"
72450,05031,"AR, Craighead"
84604,49051,"UT, Wasatch"
47331,18161,"IN, Union"
48708,26145,"MI, Saginaw"
35901,01019,"AL, Cherokee"
28384,37051,"NC, Cumberland"
36420,01053,"AL, Escambia"
42025,21035,"KY, Calloway"
23970,51111,"VA, Lunenburg"
33544,12057,"FL, Hillsborough"
30701,13115,"GA, Floyd"
39194,28053,"MS, Humphreys"
13642,36045,"NY, Jefferson"
72015,05053,"AR, Grant"
35957,01009,"AL, Blount"
48858,26111,"MI, Midland"
32327,12073,"FL, Leon"
22408,51033,"VA, Caroline"
77584,48157,"TX, Fort Bend"
94952,06041,"CA, Marin"
38635,28137,"MS, Tate"
32043,12107,"FL, Putnam"
30512,13111,"GA, Fannin"
49770,26029,"MI, Charlevoix"
31087,13303,"GA, Washington"
83211,16031,"ID, Cassia"
36701,01105,"AL, Perry"
37745,47073,"TN, Hawkins"
70301,22007,"LA, Assumption"
44833,39101,"OH, Marion"
75022,48439,"TX, Tarrant"
28103,37007,"NC, Anson"
83338,16047,"ID, Gooding"
95367,06077,"CA, San Joaquin"
49720,26009,"MI, Antrim"
53225,55133,"WI, Waukesha"
47432,18101,"IN, Martin"
37920,47009,"TN, Blount"
39574,28131,"MS, Stone"
30513,13123,"GA, Gilmer"
00777,72085,"PR, Las Piedras"
27587,37077,"NC, Granville"
98382,53031,"WA, Jefferson"
37076,47189,"TN, Wilson"
76048,48425,"TX, Somervell"
77365,48201,"TX, Harris"
60010,17111,"IL, McHenry"
79601,48417,"TX, Shackelford"
18407,42115,"PA, Susquehanna"
95316,06047,"CA, Merced"
57701,46093,"SD, Meade"
68847,31099,"NE, Kearney"
31537,13039,"GA, Camden"
49022,26159,"MI, Van Buren"
74070,40147,"OK, Washington"
94112,06081,"CA, San Mateo"
00646,72137,"PR, Toa Baja"
31313,13183,"GA, Long"
70611,22053,"LA, Jefferson Davis"
23875,51730,"VA, Petersburg"
65101,29151,"MO, Osage"
36027,01113,"AL, Russell"
70444,22117,"LA, Washington"
29440,45089,"SC, Williamsburg"
10470,36119,"NY, Westchester"
17019,42001,"PA, Adams"
40175,21027,"KY, Breckinridge"
42754,21061,"KY, Edmonson"
23607,51650,"VA, Hampton"
77327,48339,"TX, Montgomery"
17815,42079,"PA, Luzerne"
80027,08014,
58341,38083,"ND, Sheridan"
38474,47101,"TN, Lewis"
30721,13213,"GA, Murray"
66436,20005,"KS, Atchison"
50321,19181,"IA, Warren"
33440,12099,"FL, Palm Beach"
29414,45035,"SC, Dorchester"
24112,51067,"VA, Franklin"
59711,30039,"MT, Granite"
37334,47127,"TN, Moore"
63877,29069,"MO, Dunklin"
79346,48017,"TX, Bailey"
13778,36007,"NY, Broome"
54843,55129,"WI, Washburn"
47172,18043,"IN, Floyd"
38748,28125,"MS, Sharkey"
78942,48149,"TX, Fayette"
37087,47159,"TN, Smith"
24084,51021,"VA, Bland"
46714,18001,"IN, Adams"
32082,12031,"FL, Duval"
71270,22049,"LA, Jackson"
31087,13009,"GA, Baldwin"
74059,40083,"OK, Logan"
36502,01003,"AL, Baldwin"
34990,12111,"FL, St. Lucie"
45069,39061,"OH, Hamilton"
64628,29041,"MO, Chariton"
24055,51141,"VA, Patrick"
76087,48221,"TX, Hood"
15557,42051,"PA, Fayette"
38464,47181,"TN, Wayne"
11758,36103,"NY, Suffolk"
31701,13177,"GA, Lee"
30217,13285,"GA, Troup"
39652,28005,"MS, Amite"
30113,13233,"GA, Polk"
74462,40121,"OK, Pittsburg"
27215,37081,"NC, Guilford"
49601,26113,"MI, Missaukee"
71055,22027,"LA, Claiborne"
32321,12037,"FL, Franklin"
71701,05013,"AR, Calhoun"
29036,45071,"SC, Newberry"
68701,31167,"NE, Stanton"
97231,41009,"OR, Columbia"
37854,47129,"TN, Morgan"
83669,16027,"ID, Canyon"
64076,29101,"MO, Johnson"
49315,26005,"MI, Allegan"
49690,26079,"MI, Kalkaska"
53010,55027,"WI, Dodge"
56470,27029,"MN, Clearwater"
44833,39139,"OH, Richland"
24219,51105,"VA, Lee"
00638,72107,"PR, Orocovis"
62236,17163,"IL, St. Clair"
39452,28059,"MS, Jackson"
53403,55059,"WI, Kenosha"
29020,45061,"SC, Lee"
31030,13153,"GA, Houston"
35111,01007,"AL, Bibb"
34142,12051,"FL, Hendry"
12118,36083,"NY, Rensselaer"
71343,22059,"LA, La Salle"
75147,48213,"TX, Henderson"
14472,36051,"NY, Livingston"
31825,13307,"GA, Webster"
70068,22089,"LA, St. Charles"
70764,22121,"LA, West Baton Rouge"
39577,28111,"MS, Perry"
00784,72015,"PR, Arroyo"
58784,38013,"ND, Burke"
72927,05127,"AR, Scott"
40511,21209,"KY, Scott"
36502,01099,"AL, Monroe"
57747,46033,"SD, Custer"
63775,29031,"MO, Cape Girardeau"
67357,20133,"KS, Neosho"
74764,40023,"OK, Choctaw"
07065,34023,"NJ, Middlesex"
23847,51175,"VA, Southampton"
22482,51133,"VA, Northumberland"
93514,06051,"CA, Mono"
89408,32001,"NV, Churchill"
75474,48257,"TX, Kaufman"
68025,31155,"NE, Saunders"
62901,17199,"IL, Williamson"
48167,26161,"MI, Washtenaw"
39744,28019,"MS, Choctaw"
48429,26049,"MI, Genesee"
65201,29027,"MO, Callaway"
38501,47087,"TN, Jackson"
51503,19129,"IA, Mills"
39114,28121,"MS, Rankin"
49660,26105,"MI, Mason"
30571,13137,"GA, Habersham"
56470,27005,"MN, Becker"
30656,13013,"GA, Barrow"
78666,48055,"TX, Caldwell"
48763,26011,"MI, Arenac"
47712,18129,"IN, Posey"
39168,28061,"MS, Jasper"
64082,29037,"MO, Cass"
27217,37033,"NC, Caswell"
40515,21113,"KY, Jessamine"
07047,34003,"NJ, Bergen"
30215,13063,"GA, Clayton"
27932,37143,"NC, Perquimans"
68701,31139,"NE, Pierce"
46040,18095,"IN, Madison"
54165,55115,"WI, Shawano"
54165,55009,"WI, Brown"
18655,42037,"PA, Columbia"
46342,18127,"IN, Porter"
28104,37119,"NC, Mecklenburg"
30180,13223,"GA, Paulding"
35957,01049,"AL, De Kalb"
32425,12133,"FL, Washington"
49448,26121,"MI, Muskegon"
25541,54053,"WV, Mason"
93555,06071,"CA, San Bernardino"
47432,18037,"IN, Dubois"
48642,26017,"MI, Bay"
38059,47053,"TN, Gibson"
14837,36101,"NY, Steuben"
77612,48351,"TX, Newton"
37166,47177,"TN, Warren"
45169,39047,"OH, Fayette"
58341,38069,"ND, Pierce"
48872,26065,"MI, Ingham"
29483,45019,"SC, Charleston"
70549,22023,"LA, Cameron"
29936,45013,"SC, Beaufort"
31792,13131,"GA, Grady"
40380,21165,"KY, Menifee"
31008,13079,"GA, Crawford"
31803,13249,"GA, Schley"
72416,05075,"AR, Lawrence"
73048,40011,"OK, Blaine"
67025,20155,"KS, Reno"
39573,28039,"MS, George"
39452,28041,"MS, Greene"
42642,21001,"KY, Adair"
38574,47049,"TN, Fentress"
64744,29185,"MO, St. Clair"
23188,51830,"VA, Williamsburg"
31061,13237,"GA, Putnam"
28560,37137,"NC, Pamlico"
17243,42067,"PA, Juniata"
22473,51103,"VA, Lancaster"
00624,72059,"PR, Guayanilla"
21111,24025,"MD, Harford"
27260,37151,"NC, Randolph"
18847,42127,"PA, Wayne"
38474,47099,"TN, Lawrence"
23805,51053,"VA, Dinwiddie"
15767,42063,"PA, Indiana"
30434,13033,"GA, Burke"
35971,01071,"AL, Jackson"
16950,42105,"PA, Potter"
38930,28015,"MS, Carroll"
55331,27019,"MN, Carver"
73045,40081,"OK, Lincoln"
38483,47119,"TN, Maury"
07865,34027,"NJ, Morris"
62262,17135,"IL, Montgomery"
71322,22097,"LA, St. Landry"
44601,39029,"OH, Columbiana"
83607,16075,"ID, Payette"
31014,13091,"GA, Dodge"
72153,05137,"AR, Stone"
55371,27059,"MN, Isanti"
48838,26081,"MI, Kent"
27587,37069,"NC, Franklin"
29501,45031,"SC, Darlington"
00720,72075,"PR, Juana Diaz"
70437,22105,"LA, Tangipahoa"
74960,40021,"OK, Cherokee"
39466,28045,"MS, Hancock"
98531,53067,"WA, Thurston"
28326,37105,"NC, Lee"
27265,37067,"NC, Forsyth"
55110,27163,"MN, Washington"
53007,55079,"WI, Milwaukee"
22967,51009,"VA, Amherst"
39443,28153,"MS, Wayne"
45690,39141,"OH, Ross"
29650,45083,"SC, Spartanburg"
60081,17097,"IL, Lake"
45710,39163,"OH, Vinton"
47462,18105,"IN, Monroe"
29817,45009,"SC, Bamberg"
41042,21117,"KY, Kenton"
29611,45077,"SC, Pickens"
74436,40111,"OK, Okmulgee"
55449,27123,"MN, Ramsey"
32948,12009,"FL, Brevard"
16412,42039,"PA, Crawford"
36303,01045,"AL, Dale"
35757,01083,"AL, Limestone"
39073,28127,"MS, Simpson"
78108,48029,"TX, Bexar"
30802,13189,"GA, McDuffie"
64744,29217,"MO, Vernon"
44833,39117,"OH, Morrow"
53105,55127,"WI, Walworth"
70301,22109,"LA, Terrebonne"
36866,01081,"AL, Lee"
38017,47047,"TN, Fayette"
24504,51031,"VA, Campbell"
72076,05085,"AR, Lonoke"
53010,55131,"WI, Washington"
22134,51179,"VA, Stafford"
30813,13245,"GA, Richmond"
22657,51187,"VA, Warren"
37769,47013,"TN, Campbell"
19382,42045,"PA, Delaware"
27810,37095,"NC, Hyde"
77480,48321,"TX, Matagorda"
83204,16077,"ID, Power"
77494,48473,"TX, Waller"
70444,22091,"LA, St. Helena"
48739,26129,"MI, Ogemaw"
30474,13209,"GA, Montgomery"
80439,08019,"CO, Clear Creek"
23856,51081,"VA, Greensville"
36203,01121,"AL, Talladega"
76310,48077,"TX, Clay"
44601,39099,"OH, Mahoning"
17020,42043,"PA, Dauphin"
47012,18029,"IN, Dearborn"
39421,28091,"MS, Marion"
30816,13163,"GA, Jefferson"
21851,24039,"MD, Somerset"
35622,01043,"AL, Cullman"
76522,48281,"TX, Lampasas"
30548,13139,"GA, Hall"
70049,22093,"LA, St. James"
62262,17051,"IL, Fayette"
08876,34019,"NJ, Hunterdon"
79601,48253,"TX, Jones"
37079,47125,"TN, Montgomery"
31220,13207,"GA, Monroe"
37377,47153,"TN, Sequatchie"
31518,13305,"GA, Wayne"
31518,13005,"GA, Bacon"
23224,51041,"VA, Chesterfield"
71343,22029,"LA, Concordia"
81403,08091,"CO, Ouray"
32091,12019,"FL, Clay"
43054,39089,"OH, Licking"
72023,05119,"AR, Pulaski"
72210,05125,"AR, Saline"
61611,17203,"IL, Woodford"
39577,28035,"MS, Forrest"
43068,39045,"OH, Fairfield"
25427,54065,"WV, Morgan"
43447,39123,"OH, Ottawa"
48823,26037,"MI, Clinton"
75452,48231,"TX, Hunt"
63624,29221,"MO, Washington"
37014,47149,"TN, Rutherford"
37381,47007,"TN, Bledsoe"
46748,18033,"IN, De Kalb"
49224,26075,"MI, Jackson"
73072,40087,"OK, McClain"
30179,13143,"GA, Haralson"
37330,47031,"TN, Coffee"
50325,19049,"IA, Dallas"
30256,13171,"GA, Lamar"
38611,28033,"MS, DeSoto"
45830,39003,"OH, Allen"
59833,30063,"MT, Missoula"
60518,17037,"IL, DeKalb"
70090,22095,"LA, St. John the Baptist"
08081,34015,"NJ, Gloucester"
80550,08069,"CO, Larimer"
08512,34021,"NJ, Mercer"
58763,38053,"ND, McKenzie"
79106,48381,"TX, Randall"
24416,51163,"VA, Rockbridge"
29036,45079,"SC, Richland"
83318,16067,"ID, Minidoka"
22206,51510,"VA, Alexandria"
63873,29155,"MO, Pemiscot"
21620,24035,"MD, Queen Anne's"
45241,39017,"OH, Butler"
00729,72087,"PR, Loiza"
41051,21015,"KY, Boone"
42404,21225,"KY, Union"
84066,49047,"UT, Uintah"
32456,12005,"FL, Bay"
24550,51019,"VA, Bedford"
95076,06053,"CA, Monterey"
22032,51600,"VA, Fairfax"
16678,42061,"PA, Huntingdon"
14807,36003,"NY, Allegany"
70364,22057,"LA, Lafourche"
15905,42111,"PA, Somerset"
22902,51003,"VA, Albemarle"
12589,36071,"NY, Orange"
25430,54003,"WV, Berkeley"
70656,22003,"LA, Allen"
49746,26007,"MI, Alpena"
76519,48145,"TX, Falls"
63801,29143,"MO, New Madrid"
35173,01115,"AL, St. Clair"
00719,72019,"PR, Barranquitas"
67025,20095,"KS, Kingman"
55330,27171,"MN, Wright"
49684,26089,"MI, Leelanau"
28334,37163,"NC, Sampson"
30734,13227,"GA, Pickens"
24273,51195,"VA, Wise"
31808,13145,"GA, Harris"
24018,51770,"VA, Roanoke"
59866,30089,"MT, Sanders"
59255,30083,"MT, Richland"
71465,22025,"LA, Catahoula"
34974,12043,"FL, Glades"
45710,39105,"OH, Meigs"
32751,12117,"FL, Seminole"
47613,18051,"IN, Gibson"
20110,51153,"VA, Prince William"
28650,37109,"NC, Lincoln"
63456,29173,"MO, Ralls"
96161,06061,"CA, Placer"
18641,42069,"PA, Lackawanna"
49895,26041,"MI, Delta"
35756,01089,"AL, Madison"
48617,26073,"MI, Isabella"
29063,45063,"SC, Lexington"
65552,29169,"MO, Pulaski"
12803,36115,"NY, Washington"
12053,36095,"NY, Schoharie"
70544,22101,"LA, St. Mary"
24260,51027,"VA, Buchanan"
40419,21079,"KY, Garrard"
22901,51540,"VA, Charlottesville"
62479,17049,"IL, Effingham"
37188,47165,"TN, Sumner"
75491,48147,"TX, Fannin"
75602,48203,"TX, Harrison"
76310,48009,"TX, Archer"
62012,17083,"IL, Jersey"
44676,39075,"OH, Holmes"
95223,06003,"CA, Alpine"
72847,05071,"AR, Johnson"
45715,39115,"OH, Morgan"
30543,13011,"GA, Banks"
63456,29127,"MO, Marion"
87532,35049,"NM, Santa Fe"
32159,12119,"FL, Sumter"
30256,13293,"GA, Upson"
32561,12033,"FL, Escambia"
88081,35035,"NM, Otero"
44023,39035,"OH, Cuyahoga"
55371,27141,"MN, Sherburne"
75757,48073,"TX, Cherokee"
19543,42071,"PA, Lancaster"
40175,21163,"KY, Meade"
15690,42005,"PA, Armstrong"
36866,01123,"AL, Tallapoosa"
72111,05145,"AR, White"
24112,51089,"VA, Henry"
29053,45017,"SC, Calhoun"
31801,13197,"GA, Marion"
76519,48027,"TX, Bell"
35673,01103,"AL, Morgan"
83869,16017,"ID, Bonner"
29125,45027,"SC, Clarendon"
99026,53065,"WA, Stevens"
14081,36013,"NY, Chautauqua"
49967,26131,"MI, Ontonagon"
83541,16035,"ID, Clearwater"
45244,39025,"OH, Clermont"
35111,01125,"AL, Tuscaloosa"
38577,47137,"TN, Pickett"
31518,13001,"GA, Appling"
31518,13229,"GA, Pierce"
29576,45051,"SC, Horry"
58579,38015,"ND, Burleigh"
95033,06087,"CA, Santa Cruz"
31787,13261,"GA, Sumter"
85637,04023,"AZ, Santa Cruz"
77546,48167,"TX, Galveston"
44505,39155,"OH, Trumbull"
76519,48331,"TX, Milam"
58579,38055,"ND, McLean"
29576,45043,"SC, Georgetown"
32567,12091,"FL, Okaloosa"
50266,19153,"IA, Polk"
22923,51079,"VA, Greene"
44689,39151,"OH, Stark"
47462,18093,"IN, Lawrence"
83541,16069,"ID, Nez Perce"
49967,26061,"MI, Houghton"
42053,21007,"KY, Ballard"
18428,42103,"PA, Pike"
25880,54081,"WV, Raleigh"
83869,16055,"ID, Kootenai"
35673,01079,"AL, Lawrence"
63456,29137,"MO, Monroe"
29047,45075,"SC, Orangeburg"
74604,40071,"OK, Kay"
24112,51690,"VA, Martinsville"
26845,54031,"WV, Hardy"
30256,13231,"GA, Pike"
28584,37133,"NC, Onslow"
24450,51678,"VA, Lexington"
40175,21093,"KY, Hardin"
75757,48423,"TX, Smith"
59521,30041,"MT, Hill"
48416,26151,"MI, Sanilac"
65013,29125,"MO, Maries"
74436,40101,"OK, Muskogee"
88081,35013,"NM, Dona Ana"
32561,12113,"FL, Santa Rosa"
34759,12097,"FL, Osceola"
24019,51161,"VA, Roanoke"
76310,48485,"TX, Wichita"
45715,39167,"OH, Washington"
72847,05115,"AR, Pope"
40419,21137,"KY, Lincoln"
44676,39169,"OH, Wayne"
38574,47141,"TN, Putnam"
12053,36093,"NY, Schenectady"
49756,26119,"MI, Montmorency"
75491,48181,"TX, Grayson"
24401,51790,"VA, Staunton"
07840,34041,"NJ, Warren"
18017,42095,"PA, Northampton"
62479,17079,"IL, Jasper"
13030,36053,"NY, Madison"
00601,72001,"PR, Adjuntas"
23188,51095,"VA, James City"
40013,21179,"KY, Nelson"
24260,51167,"VA, Russell"
63026,29189,"MO, St. Louis"
24540,51590,"VA, Danville"
70656,22115,"LA, Vernon"
12803,36091,"NY, Saratoga"
40119,21085,"KY, Grayson"
24368,51197,"VA, Wythe"
48617,26035,"MI, Clare"
23847,51595,"VA, Emporia"
22802,51660,"VA, Harrisonburg"
22980,51820,"VA, Waynesboro"
45710,39009,"OH, Athens"
49895,26003,"MI, Alger"
96161,06057,"CA, Nevada"
30606,13059,"GA, Clarke"
71107,22017,"LA, Caddo"
34974,12093,"FL, Okeechobee"
97760,41017,"OR, Deschutes"
67025,20173,"KS, Sedgwick"
17067,42075,"PA, Lebanon"
30179,13045,"GA, Carroll"
20110,51683,"VA, Manassas"
98605,53039,"WA, Klickitat"
47613,18173,"IN, Warrick"
44827,39033,"OH, Crawford"
59255,30085,"MT, Roosevelt"
24273,51720,"VA, Norton"
49238,26091,"MI, Lenawee"
49684,26055,"MI, Grand Traverse"
00719,72105,"PR, Naranjito"
63801,29201,"MO, Scott"
25430,54037,"WV, Jefferson"
14837,36123,"NY, Yates"
54979,55039,"WI, Fond du Lac"
60518,17099,"IL, La Salle"
29611,45045,"SC, Greenville"
95694,06113,"CA, Yolo"
32456,12045,"FL, Gulf"
84066,49013,"UT, Duchesne"
28789,37099,"NC, Jackson"
76067,48363,"TX, Palo Pinto"
21620,24029,"MD, Kent"
23860,51670,"VA, Hopewell"
24416,51530,"VA, Buena Vista"
79106,48375,"TX, Potter"
58763,38061,"ND, Mountrail"
19153,42101,"PA, Philadelphia"
17824,42097,"PA, Northumberland"
79601,48441,"TX, Taylor"
59833,30081,"MT, Ravalli"
37874,47123,"TN, Monroe"
45830,39137,"OH, Putnam"
38611,28093,"MS, Marshall"
70607,22019,"LA, Calcasieu"
37330,47051,"TN, Franklin"
46748,18003,"IN, Allen"
37381,47143,"TN, Rhea"
43447,39173,"OH, Wood"
75691,48401,"TX, Rusk"
74059,40119,"OK, Payne"
64744,29039,"MO, Cedar"
49329,26117,"MI, Montcalm"
37377,47065,"TN, Hamilton"
31220,13021,"GA, Bibb"
37079,47161,"TN, Stewart"
21851,24047,"MD, Worcester"
30474,13279,"GA, Toombs"
17020,42099,"PA, Perry"
36203,01015,"AL, Calhoun"
48739,26069,"MI, Iosco"
68128,31153,"NE, Sarpy"
27349,37001,"NC, Alamance"
83204,16005,"ID, Bannock"
78140,48177,"TX, Gonzales"
37769,47001,"TN, Anderson"
97527,41033,"OR, Josephine"
31076,13269,"GA, Taylor"
24504,51680,"VA, Lynchburg"
65746,29225,"MO, Webster"
38017,47157,"TN, Shelby"
36033,01013,"AL, Butler"
36303,01069,"AL, Houston"
16412,42049,"PA, Erie"
32948,12061,"FL, Indian River"
29817,45011,"SC, Barnwell"
37869,47067,"TN, Hancock"
65101,29051,"MO, Cole"
22967,51125,"VA, Nelson"
49677,26133,"MI, Osceola"
62902,17077,"IL, Jackson"
98531,53041,"WA, Lewis"
74960,40001,"OK, Adair"
70437,22103,"LA, St. Tammany"
29501,45041,"SC, Florence"
68701,31119,"NE, Madison"
58341,38103,"ND, Wells"
55331,27053,"MN, Hennepin"
38930,28083,"MS, Leflore"
27583,37145,"NC, Person"
85142,04013,"AZ, Maricopa"
16950,42117,"PA, Tioga"
77320,48471,"TX, Walker"
39090,28007,"MS, Attala"
47432,18117,"IN, Orange"
15767,42065,"PA, Jefferson"
56601,27007,"MN, Beltrami"
00624,72111,"PR, Penuelas"
22601,51840,"VA, Winchester"
73048,40015,"OK, Caddo"
40380,21197,"KY, Powell"
31792,13275,"GA, Thomas"
29936,45053,"SC, Jasper"
48872,26155,"MI, Shiawassee"
37166,47041,"TN, DeKalb"
20736,24009,"MD, Calvert"
77612,48241,"TX, Jasper"
38059,47045,"TN, Dyer"
58601,38089,"ND, Stark"
28139,37161,"NC, Rutherford"
32054,12125,"FL, Union"
27896,37195,"NC, Wilson"
28104,37179,"NC, Union"
27932,37041,"NC, Chowan"
62896,17055,"IL, Franklin"
56557,27087,"MN, Mahnomen"
07047,34017,"NJ, Hudson"
37323,47011,"TN, Bradley"
28501,37107,"NC, Lenoir"
64082,29095,"MO, Jackson"
30571,13311,"GA, White"
49660,26101,"MI, Manistee"
98671,53011,"WA, Clark"
51503,19155,"IA, Pottawattamie"
65201,29019,"MO, Boone"
39744,28155,"MS, Webster"
93514,06027,"CA, Inyo"
81039,08089,"CO, Otero"
20659,24037,"MD, St. Mary's"
41031,21097,"KY, Harrison"
67357,20099,"KS, Labette"
74764,40089,"OK, McCurtain"
95963,06021,"CA, Glenn"
57747,46047,"SD, Fall River"
72927,05083,"AR, Logan"
00784,72057,"PR, Guayama"
70764,22047,"LA, Iberville"
31825,13259,"GA, Stewart"
37322,47121,"TN, Meigs"
00777,72077,"PR, Juncos"
62236,17133,"IL, Monroe"
00638,72039,
64076,29107,"MO, Lafayette"
83669,16001,"ID, Ada"
27962,37187,"NC, Washington"
71701,05103,"AR, Ouachita"
32321,12077,"FL, Liberty"
71055,22119,"LA, Webster"
49601,26165,"MI, Wexford"
74462,40061,"OK, Haskell"
46714,18179,"IN, Wells"
78942,48287,"TX, Lee"
38748,28151,"MS, Washington"
13778,36017,"NY, Chenango"
39301,28075,"MS, Lauderdale"
79346,48079,"TX, Cochran"
37334,47103,"TN, Lincoln"
40601,21073,"KY, Franklin"
39350,28099,"MS, Neshoba"
66436,20085,"KS, Jackson"
30721,13313,"GA, Whitfield"
77327,48291,"TX, Liberty"
36027,01005,"AL, Barbour"
30512,13291,"GA, Union"
83338,16053,"ID, Jerome"
49022,26021,"MI, Berrien"
31537,13049,"GA, Charlton"
68847,31019,"NE, Buffalo"
57701,46103,"SD, Pennington"
98382,53009,"WA, Clallam"
37745,47059,"TN, Greene"
36701,01047,"AL, Dallas"
97304,41053,"OR, Polk"
00683,72125,"PR, San German"
32327,12129,"FL, Wakulla"
32720,12127,"FL, Volusia"
39194,28163,"MS, Yazoo"
39759,28105,"MS, Oktibbeha"
47331,18041,"IN, Fayette"
76458,48237,"TX, Jack"
31794,13277,"GA, Tift"
28401,37129,"NC, New Hanover"
83638,16085,"ID, Valley"
71913,05051,"AR, Garland"
26201,54097,"WV, Upshur"
37813,47063,"TN, Hamblen"
63645,29123,"MO, Madison"
73401,40019,"OK, Carter"
81416,08029,"CO, Delta"
28345,37153,"NC, Richmond"
30673,13317,"GA, Wilkes"
33034,12086,
71457,22069,"LA, Natchitoches"
85602,04003,"AZ, Cochise"
56001,27013,"MN, Blue Earth"
71601,05069,"AR, Jefferson"
06415,09011,"CT, New London"
65560,29065,"MO, Dent"
66441,20061,"KS, Geary"
38614,28027,"MS, Coahoma"
03102,33011,"NH, Hillsborough"
31021,13175,"GA, Laurens"
44857,39077,"OH, Huron"
34609,12053,"FL, Hernando"
29715,45091,"SC, York"
11237,36047,"NY, Kings"
00602,72003,"PR, Aguada"
12524,36027,"NY, Dutchess"
46750,18069,"IN, Huntington"
38261,47131,"TN, Obion"
53913,55111,"WI, Sauk"
27030,37171,"NC, Surry"
00612,72013,"PR, Arecibo"
34266,12027,"FL, De Soto"
83440,16065,"ID, Madison"
31015,13081,"GA, Crisp"
27534,37191,"NC, Wayne"
74820,40123,"OK, Pontotoc"
13021,36011,"NY, Cayuga"
93454,06083,"CA, Santa Barbara"
38301,47113,"TN, Madison"
59715,30031,"MT, Gallatin"
78550,48061,"TX, Cameron"
20006,11001,"DC, District of Columbia"
35582,01059,"AL, Franklin"
66607,20177,"KS, Shawnee"
04412,23019,"ME, Penobscot"
99501,02020,"AK, Anchorage"
95667,06017,"CA, El Dorado"
59102,30111,"MT, Yellowstone"
81501,08077,"CO, Mesa"
96789,15003,"HI, Honolulu"
22835,51139,"VA, Page"
19801,10003,"DE, New Castle"
04756,23003,"ME, Aroostook"
89030,32003,"NV, Clark"
99654,02170,"AK, Matanuska-Susitna"
36695,01097,"AL, Mobile"
85901,04017,"AZ, Navajo"
96913,66010,"GU, Guam"
79901,48141,"TX, El Paso"
23508,51710,"VA, Norfolk"
43537,39095,"OH, Lucas"
10029,36061,"NY, New York"
96743,15001,"HI, Hawaii"
95482,06045,"CA, Mendocino"
78404,48355,"TX, Nueces"
77840,48041,"TX, Brazos"
36722,01131,"AL, Wilcox"
31324,13029,"GA, Bryan"
14120,36063,"NY, Niagara"
04050,23005,"ME, Cumberland"
53719,55025,"WI, Dane"
47303,18035,"IN, Delaware"
19904,10001,"DE, Kent"
36110,01101,"AL, Montgomery"
63301,29183,"MO, St. Charles"
28463,37047,"NC, Columbus"
49781,26097,"MI, Mackinac"
75561,48037,"TX, Bowie"
21550,24023,"MD, Garrett"
06824,09001,"CT, Fairfield"
07871,34037,"NJ, Sussex"
86442,04015,"AZ, Mohave"
02703,25005,"MA, Bristol"
73501,40031,"OK, Comanche"
24701,54055,"WV, Mercer"
54538,55125,"WI, Vilas"
01201,25003,"MA, Berkshire"
68071,31173,"NE, Thurston"
31408,13051,"GA, Chatham"
89060,32023,"NV, Nye"
45679,39001,"OH, Adams"
23404,51001,"VA, Accomack"
00802,78030,"VI, St. Thomas"
58103,38017,"ND, Cass"
26292,54093,"WV, Tucker"
06051,09003,"CT, Hartford"
02563,25001,"MA, Barnstable"
49007,26077,"MI, Kalamazoo"
31533,13069,"GA, Coffee"
78516,48215,"TX, Hidalgo"
34470,12083,"FL, Marion"
74701,40013,"OK, Bryan"
14013,36037,"NY, Genesee"
27909,37139,"NC, Pasquotank"
83805,16021,"ID, Boundary"
27920,37055,"NC, Dare"
47906,18157,"IN, Tippecanoe"
99737,02240,"AK, Southeast Fairbanks"
98951,53077,"WA, Yakima"
78045,48479,"TX, Webb"
59901,30029,"MT, Flathead"
62864,17081,"IL, Jefferson"
52544,19007,"IA, Appanoose"
82718,56005,"WY, Campbell"
56738,27089,"MN, Marshall"
28771,37075,"NC, Graham"
82801,56033,"WY, Sheridan"
00718,72103,"PR, Naguabo"
06776,09005,"CT, Litchfield"
21613,24019,"MD, Dorchester"
88418,35059,"NM, Union"
32424,12013,"FL, Calhoun"
57262,46109,"SD, Roberts"
92231,06025,"CA, Imperial"
67401,20169,"KS, Saline"
25276,54087,"WV, Roane"
03820,33017,"NH, Strafford"
41076,21037,"KY, Campbell"
57569,46085,"SD, Lyman"
04426,23021,"ME, Piscataquis"
45840,39063,"OH, Hancock"
64501,29021,"MO, Buchanan"
52556,19101,"IA, Jefferson"
80498,08117,"CO, Summit"
99156,53051,"WA, Pend Oreille"
70037,22075,"LA, Plaquemines"
96044,06093,"CA, Siskiyou"
49908,26013,"MI, Baraga"
29488,45029,"SC, Colleton"
98632,53015,"WA, Cowlitz"
97459,41011,"OR, Coos"
15834,42023,"PA, Cameron"
73521,40065,"OK, Jackson"
72364,05035,"AR, Crittenden"
43912,39013,"OH, Belmont"
00820,78010,"VI, Angaur"
00820,78010,"VI, St. Croix"
89314,32033,"NV, White Pine"
58316,38079,"ND, Rolette"
99705,02090,"AK, Fairbanks North Star"
23354,51131,"VA, Northampton"
98245,53055,"WA, San Juan"
68512,31109,"NE, Lancaster"
59923,30053,"MT, Lincoln"
77705,48245,"TX, Jefferson"
57772,46113,"SD, Shannon"
99301,53021,"WA, Franklin"
17747,42035,"PA, Clinton"
97603,41035,"OR, Klamath"
99829,02105,
39851,13061,"GA, Clay"
70769,22005,"LA, Ascension"
57069,46027,"SD, Clay"
97301,41047,"OR, Marion"
95370,06109,"CA, Tuolumne"
58843,38105,"ND, Williams"
97801,41059,"OR, Umatilla"
31525,13127,"GA, Glynn"
28624,37193,"NC, Wilkes"
99835,02220,"AK, Sitka"
82070,56001,"WY, Albany"
79252,48197,"TX, Hardeman"
16323,42121,"PA, Venango"
04619,23029,"ME, Washington"
57049,46127,"SD, Union"
96756,15007,"HI, Kauai"
24060,51121,"VA, Montgomery"
93711,06019,"CA, Fresno"
24210,51191,"VA, Washington"
04605,23009,"ME, Hancock"
49841,26103,"MI, Marquette"
85365,04027,"AZ, Yuma"
05401,50007,"VT, Chittenden"
50701,19013,"IA, Black Hawk"
00757,72133,"PR, Santa Isabel"
05753,50001,"VT, Addison"
76645,48217,"TX, Hill"
05262,50003,"VT, Bennington"
52803,19163,"IA, Scott"
99827,02100,"AK, Haines"
59526,30005,"MT, Blaine"
61107,17201,"IL, Winnebago"
72701,05143,"AR, Washington"
99354,53005,"WA, Benton"
97135,41057,"OR, Tillamook"
59865,30047,"MT, Lake"
32653,12001,"FL, Alachua"
66053,20121,"KS, Miami"
85534,04011,"AZ, Greenlee"
55810,27137,"MN, St. Louis"
05855,50019,"VT, Orleans"
10305,36085,"NY, Richmond"
00685,72131,"PR, San Sebastian"
78840,48465,"TX, Val Verde"
98823,53025,"WA, Grant"
99801,02110,"AK, Juneau"
96753,15009,"HI, Maui"
75901,48005,"TX, Angelina"
88101,35009,"NM, Curry"
00627,72027,"PR, Camuy"
57783,46081,"SD, Lawrence"
27890,37083,"NC, Halifax"
71730,05139,"AR, Union"
66713,20021,"KS, Cherokee"
50501,19187,"IA, Webster"
84721,49021,"UT, Iron"
76401,48143,"TX, Erath"
66047,20045,"KS, Douglas"
57555,46121,"SD, Todd"
49091,26149,"MI, St. Joseph"
58703,38101,"ND, Ward"
99111,53075,"WA, Whitman"
29649,45047,"SC, Greenwood"
98520,53027,"WA, Grays Harbor"
56649,27071,"MN, Koochiching"
30546,13281,"GA, Towns"
37779,47173,"TN, Union"
57362,46059,"SD, Hand"
28152,37045,"NC, Cleveland"
84321,49005,"UT, Cache"
12914,36033,"NY, Franklin"
62707,17167,"IL, Sangamon"
71655,05043,"AR, Drew"
85541,04007,"AZ, Gila"
30458,13031,"GA, Bulloch"
82513,56013,"WY, Fremont"
23314,51093,"VA, Isle of Wight"
32446,12063,"FL, Jackson"
05656,50015,"VT, Lamoille"
12529,36021,"NY, Columbia"
71295,22041,"LA, Franklin"
68410,31131,"NE, Otoe"
93643,06039,"CA, Madera"
52241,19103,"IA, Johnson"
56007,27047,"MN, Freeborn"
65771,29213,"MO, Taney"
76639,48349,"TX, Navarro"
58318,38009,"ND, Bottineau"
23002,51007,"VA, Amelia"
02813,44009,"RI, Washington"
10977,36087,"NY, Rockland"
00653,72055,"PR, Guanica"
74020,40117,"OK, Pawnee"
16601,42013,"PA, Blair"
52401,19113,"IA, Linn"
23662,51735,"VA, Poquoson"
13326,36077,"NY, Otsego"
84074,49045,"UT, Tooele"
95932,06011,"CA, Colusa"
98277,53029,"WA, Island"
03903,23031,"ME, York"
52065,19061,"IA, Dubuque"
75426,48387,"TX, Red River"
54864,55031,"WI, Douglas"
89042,32017,"NV, Lincoln"
48813,26045,"MI, Eaton"
61821,17019,"IL, Champaign"
97063,41065,"OR, Wasco"
21903,24015,"MD, Cecil"
26101,54107,"WV, Wood"
39819,13087,"GA, Decatur"
39069,28063,"MS, Jefferson"
84747,49055,"UT, Wayne"
04915,23027,"ME, Waldo"
28714,37199,"NC, Yancey"
76935,48451,"TX, Tom Green"
54017,55109,"WI, St. Croix"
40447,21109,"KY, Jackson"
97330,41003,"OR, Benton"
89410,32005,"NV, Douglas"
64762,29011,"MO, Barton"
88030,35029,"NM, Luna"
16101,42073,"PA, Lawrence"
65339,29195,"MO, Saline"
97720,41025,"OR, Harney"
19958,10005,"DE, Sussex"
84310,49057,"UT, Weber"
43845,39031,"OH, Coshocton"
72342,05107,"AR, Phillips"
45631,39053,"OH, Gallia"
69201,31031,"NE, Cherry"
02351,25023,"MA, Plymouth"
29512,45069,"SC, Marlboro"
24228,51051,"VA, Dickenson"
99762,02180,"AK, Nome"
38231,47079,"TN, Henry"
83467,16059,"ID, Lemhi"
74902,40079,"OK, Le Flore"
51101,19193,"IA, Woodbury"
63501,29001,"MO, Adair"
65301,29159,"MO, Pettis"
42050,21075,"KY, Fulton"
62821,17193,"IL, White"
21636,24011,"MD, Caroline"
71241,22111,"LA, Union"
29803,45003,"SC, Aiken"
03584,33007,"NH, Coos"
87311,35031,"NM, McKinley"
08260,34009,"NJ, Cape May"
63901,29023,"MO, Butler"
42240,21047,"KY, Christian"
52732,19045,"IA, Clinton"
82442,56043,"WY, Washakie"
81641,08103,"CO, Rio Blanco"
97415,41015,"OR, Curry"
54701,55035,"WI, Eau Claire"
99901,02130,"AK, Ketchikan Gateway"
99615,02150,"AK, Kodiak Island"
72396,05037,"AR, Cross"
36092,01051,"AL, Elmore"
96101,06049,"CA, Modoc"
25301,54039,"WV, Kanawha"
42104,21227,"KY, Warren"
71832,05133,"AR, Sevier"
67301,20125,"KS, Montgomery"
31634,13065,"GA, Clinch"
64801,29097,"MO, Jasper"
54235,55029,"WI, Door"
00669,72081,"PR, Lares"
87736,35033,"NM, Mora"
96052,06105,"CA, Trinity"
70043,22087,"LA, St. Bernard"
26537,54077,"WV, Preston"
52339,19171,"IA, Tama"
15370,42059,"PA, Greene"
38629,28139,"MS, Tippah"
21601,24041,"MD, Talbot"
05602,50023,"VT, Washington"
26241,54083,"WV, Randolph"
46528,18039,"IN, Elkhart"
57551,46007,"SD, Bennett"
58203,38035,"ND, Grand Forks"
08079,34033,"NJ, Salem"
77656,48199,"TX, Hardin"
23175,51119,"VA, Middlesex"
23086,51101,"VA, King William"
84627,49039,"UT, Sanpete"
98577,53049,"WA, Pacific"
59072,30065,"MT, Musselshell"
97405,41039,"OR, Lane"
54891,55007,"WI, Bayfield"
57625,46041,"SD, Dewey"
28792,37089,"NC, Henderson"
27536,37181,"NC, Vance"
82644,56025,"WY, Natrona"
98273,53057,"WA, Skagit"
04923,23025,"ME, Somerset"
88324,35027,"NM, Lincoln"
71203,22073,"LA, Ouachita"
32034,12089,"FL, Nassau"
69337,31045,"NE, Dawes"
40741,21125,"KY, Laurel"
97630,41037,"OR, Lake"
61832,17183,"IL, Vermilion"
04843,23013,"ME, Knox"
72956,05033,"AR, Crawford"
29571,45067,"SC, Marion"
26264,54075,"WV, Pocahontas"
64468,29147,"MO, Nodaway"
28001,37167,"NC, Stanly"
35572,01133,"AL, Winston"
88034,35017,"NM, Grant"
95993,06101,"CA, Sutter"
61520,17057,"IL, Fulton"
96122,06063,"CA, Plumas"
52501,19179,"IA, Wapello"
61254,17073,"IL, Henry"
81611,08097,"CO, Pitkin"
25113,54015,"WV, Clay"
84738,49053,"UT, Washington"
57755,46063,"SD, Harding"
05301,50025,"VT, Windham"
72027,05029,"AR, Conway"
43311,39091,"OH, Logan"
68776,31043,"NE, Dakota"
35441,01065,"AL, Hale"
26804,54071,"WV, Pendleton"
75462,48277,"TX, Lamar"
17233,42057,"PA, Fulton"
97914,41045,"OR, Malheur"
57601,46129,"SD, Walworth"
85546,04009,"AZ, Graham"
78643,48299,"TX, Llano"
31768,13071,"GA, Colquitt"
00767,72151,"PR, Yabucoa"
49911,26053,"MI, Gogebic"
37615,47179,"TN, Washington"
82414,56029,"WY, Park"
88240,35025,"NM, Lea"
31055,13271,"GA, Telfair"
02840,44005,"RI, Newport"
69361,31157,"NE, Scotts Bluff"
73075,40049,"OK, Garvin"
24880,54109,"WV, Wyoming"
78852,48323,"TX, Maverick"
71449,22085,"LA, Sabine"
76712,48309,"TX, McLennan"
50010,19169,"IA, Story"
95548,06015,"CA, Del Norte"
41230,21127,"KY, Lawrence"
54481,55097,"WI, Portage"
99588,02261,"AK, Valdez-Cordova"
46143,18081,"IN, Johnson"
54636,55063,"WI, La Crosse"
87931,35051,"NM, Sierra"
83604,16073,"ID, Owyhee"
76442,48093,"TX, Comanche"
78374,48409,"TX, San Patricio"
75840,48161,"TX, Freestone"
27958,37053,"NC, Currituck"
57110,46099,"SD, Minnehaha"
26610,54067,"WV, Nicholas"
64635,29117,"MO, Livingston"
78057,48163,"TX, Frio"
27288,37157,"NC, Rockingham"
56303,27145,"MN, Stearns"
46953,18053,"IN, Grant"
22443,51193,"VA, Westmoreland"
40977,21013,"KY, Bell"
14850,36109,"NY, Tompkins"
72616,05015,"AR, Carroll"
74955,40135,"OK, Sequoyah"
21801,24045,"MD, Wicomico"
38606,28107,"MS, Panola"
80816,08119,"CO, Teller"
46580,18085,"IN, Kosciusko"
32055,12023,"FL, Columbia"
16214,42031,"PA, Clarion"
16365,42123,"PA, Warren"
87557,35055,"NM, Taos"
54401,55073,"WI, Marathon"
73942,40139,"OK, Texas"
93230,06031,"CA, Kings"
41056,21161,"KY, Mason"
49868,26095,"MI, Luce"
82240,56015,"WY, Goshen"
17084,42087,"PA, Mifflin"
69101,31111,"NE, Lincoln"
61265,17161,"IL, Rock Island"
80487,08107,"CO, Routt"
78382,48007,"TX, Aransas"
39180,28149,"MS, Warren"
62526,17115,"IL, Macon"
38363,47039,"TN, Decatur"
72315,05093,"AR, Mississippi"
55744,27061,"MN, Itasca"
75482,48223,"TX, Hopkins"
23004,51029,"VA, Buckingham"
24801,54047,"WV, McDowell"
12801,36113,"NY, Warren"
65247,29121,"MO, Macon"
54520,55041,"WI, Forest"
55074,27025,"MN, Chisago"
02806,44001,"RI, Bristol"
35460,01119,"AL, Sumter"
35645,01077,"AL, Lauderdale"
42406,21101,"KY, Henderson"
59633,30049,"MT, Lewis and Clark"
84050,49029,"UT, Morgan"
02539,25007,"MA, Dukes"
55051,27065,"MN, Kanabec"
96118,06091,"CA, Sierra"
99362,53071,"WA, Walla Walla"
32340,12079,"FL, Madison"
37755,47151,"TN, Scott"
52627,19111,"IA, Lee"
53511,55105,"WI, Rock"
74102,,
